image_id,true_class,source,outcome,framing,predicted_class,mask_area_fraction
000264,ACK,ddi,ASSESSED,pre_framed,ACK,0.31890869140625
000005,BCC,ddi,ASSESSED,pre_framed,BCC,0.8125038146972656
000289,BCC,ddi,ASSESSED,pre_framed,BCC,0.4089241027832031
000292,BCC,ddi,ASSESSED,pre_framed,NEV,0.072723388671875
000290,BCC,ddi,ASSESSED,pre_framed,BCC,0.420135498046875
000293,BCC,ddi,ASSESSED,pre_framed,ACK,0.24762344360351562
000291,BCC,ddi,ASSESSED,pre_framed,ACK,0.12648391723632812
000037,BCC,ddi,ASSESSED,pre_framed,ACK,0.4035530090332031
000406,BCC,ddi,ASSESSED,pre_framed,NEV,0.057056427001953125
000073,BCC,ddi,ASSESSED,pre_framed,BCC,0.19715499877929688
000440,BCC,ddi,ASSESSED,pre_framed,ACK,0.08568191528320312
000407,BCC,ddi,ASSESSED,pre_framed,ACK,0.23998641967773438
000071,BCC,ddi,ASSESSED,pre_framed,BCC,0.6884536743164062
000405,BCC,ddi,ASSESSED,pre_framed,ACK,0.08875656127929688
000072,BCC,ddi,ASSESSED,pre_framed,ACK,0.21535873413085938
000404,NEV,ddi,ASSESSED,pre_framed,SEK,0.40301513671875
000265,NEV,ddi,ASSESSED,pre_framed,ACK,0.0332489013671875
000277,NEV,ddi,ASSESSED,pre_framed,NEV,0.21858978271484375
000051,NEV,ddi,ASSESSED,pre_framed,NEV,0.45595550537109375
000328,NEV,ddi,ASSESSED,pre_framed,BCC,0.3062286376953125
000439,NEV,ddi,ASSESSED,pre_framed,ACK,0.2625846862792969
000310,NEV,ddi,ASSESSED,pre_framed,ACK,0.033306121826171875
000273,NEV,ddi,ASSESSED,pre_framed,ACK,0.3000679016113281
000305,NEV,ddi,ASSESSED,pre_framed,NEV,0.2775306701660156
000323,NEV,ddi,ASSESSED,pre_framed,MEL,0.08856201171875
000275,NEV,ddi,ASSESSED,pre_framed,NEV,0.141845703125
000046,NEV,ddi,ASSESSED,pre_framed,BCC,0.4669837951660156
000278,NEV,ddi,ASSESSED,pre_framed,NEV,0.08902740478515625
000280,NEV,ddi,ASSESSED,pre_framed,NEV,0.316925048828125
000042,NEV,ddi,ASSESSED,pre_framed,ACK,0.02487945556640625
000281,NEV,ddi,ASSESSED,pre_framed,ACK,0.770263671875
000288,NEV,ddi,ASSESSED,pre_framed,ACK,0.343597412109375
000322,NEV,ddi,ASSESSED,pre_framed,NEV,0.0042877197265625
000047,NEV,ddi,ASSESSED,pre_framed,BCC,0.23310089111328125
000283,NEV,ddi,ASSESSED,pre_framed,ACK,0.24048995971679688
000438,NEV,ddi,ASSESSED,pre_framed,NEV,0.27828216552734375
000279,NEV,ddi,ASSESSED,pre_framed,NEV,0.24373245239257812
000318,NEV,ddi,ASSESSED,pre_framed,SCC,0.3590240478515625
000271,NEV,ddi,ASSESSED,pre_framed,NEV,0.2538795471191406
000307,NEV,ddi,ASSESSED,pre_framed,NEV,0.20920181274414062
000285,NEV,ddi,ASSESSED,pre_framed,ACK,0.16411209106445312
000048,NEV,ddi,ASSESSED,pre_framed,ACK,0.4844779968261719
000320,NEV,ddi,ASSESSED,pre_framed,NEV,0.2220458984375
000309,NEV,ddi,ASSESSED,pre_framed,BCC,0.5669593811035156
000049,NEV,ddi,ASSESSED,pre_framed,NEV,0.3489837646484375
000317,NEV,ddi,ASSESSED,pre_framed,ACK,0.5085716247558594
000306,NEV,ddi,ASSESSED,pre_framed,ACK,0.35987091064453125
000286,NEV,ddi,ASSESSED,pre_framed,SEK,0.2982673645019531
000269,NEV,ddi,ASSESSED,pre_framed,SEK,0.0019989013671875
000272,NEV,ddi,ASSESSED,pre_framed,NEV,0.05078887939453125
000274,NEV,ddi,ASSESSED,pre_framed,NEV,0.03649139404296875
000267,NEV,ddi,ASSESSED,pre_framed,NEV,0.42057037353515625
000316,NEV,ddi,ASSESSED,pre_framed,ACK,0.6777267456054688
000276,NEV,ddi,ASSESSED,pre_framed,NEV,0.0396728515625
000311,NEV,ddi,ASSESSED,pre_framed,NEV,0.120574951171875
000324,NEV,ddi,ASSESSED,pre_framed,ACK,0.08345794677734375
000321,NEV,ddi,ASSESSED,pre_framed,ACK,0.07391738891601562
000268,NEV,ddi,ASSESSED,pre_framed,NEV,0.6637611389160156
000282,NEV,ddi,ASSESSED,pre_framed,NEV,0.3513603210449219
000270,NEV,ddi,ASSESSED,pre_framed,NEV,0.22049331665039062
000287,NEV,ddi,ASSESSED,pre_framed,SEK,0.2958221435546875
000284,NEV,ddi,ASSESSED,pre_framed,NEV,0.054447174072265625
000308,NEV,ddi,ASSESSED,pre_framed,NEV,0.04528045654296875
000266,NEV,ddi,ASSESSED,pre_framed,NEV,0.06416702270507812
000263,MEL,ddi,ASSESSED,pre_framed,NEV,0.02468109130859375
000261,MEL,ddi,ASSESSED,pre_framed,NEV,0.600250244140625
000045,MEL,ddi,ASSESSED,pre_framed,SCC,0.7375221252441406
000041,MEL,ddi,ASSESSED,pre_framed,NEV,0.5001335144042969
000043,MEL,ddi,ASSESSED,pre_framed,ACK,0.19363021850585938
000050,MEL,ddi,ASSESSED,pre_framed,BCC,0.36310577392578125
000262,MEL,ddi,ASSESSED,pre_framed,BCC,0.31557464599609375
000400,NEV,ddi,ASSESSED,pre_framed,NEV,0.17425918579101562
000427,SEK,ddi,ASSESSED,pre_framed,ACK,0.33481597900390625
000432,SEK,ddi,ASSESSED,pre_framed,BCC,0.18191909790039062
000417,SEK,ddi,ASSESSED,pre_framed,SEK,0.0052032470703125
000357,SEK,ddi,ASSESSED,pre_framed,ACK,0.70526123046875
000355,SEK,ddi,ASSESSED,pre_framed,BCC,0.06600189208984375
000332,SEK,ddi,ASSESSED,pre_framed,ACK,0.48630523681640625
000426,SEK,ddi,ASSESSED,pre_framed,SEK,0.6917266845703125
000434,SEK,ddi,ASSESSED,pre_framed,ACK,0.631500244140625
000418,SEK,ddi,ASSESSED,pre_framed,NEV,0.01497650146484375
000329,SEK,ddi,ASSESSED,pre_framed,ACK,0.5512809753417969
000429,SEK,ddi,ASSESSED,pre_framed,ACK,0.012325286865234375
000396,SEK,ddi,ASSESSED,pre_framed,ACK,0.23818588256835938
000331,SEK,ddi,ASSESSED,pre_framed,NEV,0.4408721923828125
000425,SEK,ddi,ASSESSED,pre_framed,BCC,0.236114501953125
000415,SEK,ddi,ASSESSED,pre_framed,ACK,0.3069572448730469
000330,SEK,ddi,ASSESSED,pre_framed,NEV,0.03377532958984375
000433,SEK,ddi,ASSESSED,pre_framed,ACK,0.3857574462890625
000435,SEK,ddi,ASSESSED,pre_framed,ACK,0.6515350341796875
000419,SEK,ddi,ASSESSED,pre_framed,SEK,0.3956108093261719
000416,SEK,ddi,ASSESSED,pre_framed,NEV,0.0
000358,SEK,ddi,ASSESSED,pre_framed,ACK,0.11112213134765625
000437,SEK,ddi,ASSESSED,pre_framed,BCC,0.648712158203125
000304,SEK,ddi,ASSESSED,pre_framed,SEK,0.023189544677734375
000370,SEK,ddi,ASSESSED,pre_framed,SEK,0.04618072509765625
000260,SEK,ddi,ASSESSED,pre_framed,NEV,0.0149688720703125
000259,SEK,ddi,ASSESSED,pre_framed,ACK,0.21572494506835938
000424,SEK,ddi,ASSESSED,pre_framed,ACK,0.19240951538085938
000371,SEK,ddi,ASSESSED,pre_framed,ACK,0.20788192749023438
000436,SEK,ddi,ASSESSED,pre_framed,BCC,0.2686958312988281
000421,SEK,ddi,ASSESSED,pre_framed,ACK,0.013378143310546875
000052,SCC,ddi,ASSESSED,pre_framed,ACK,0.24123764038085938
000244,SCC,ddi,ASSESSED,pre_framed,BCC,0.16248703002929688
000039,SCC,ddi,ASSESSED,pre_framed,ACK,0.3070640563964844
000038,SCC,ddi,ASSESSED,pre_framed,ACK,0.3869743347167969
000044,SCC,ddi,ASSESSED,pre_framed,SCC,0.2901458740234375
000359,SCC,ddi,ASSESSED,pre_framed,BCC,0.6678657531738281
000502,ACK,ddi,ASSESSED,pre_framed,BCC,0.2531166076660156
000538,ACK,ddi,ASSESSED,pre_framed,SEK,0.5682525634765625
000556,ACK,ddi,ASSESSED,pre_framed,ACK,0.6173820495605469
000501,BCC,ddi,ASSESSED,pre_framed,BCC,0.5043296813964844
000557,BCC,ddi,ASSESSED,pre_framed,SCC,0.08441925048828125
000566,BCC,ddi,ASSESSED,pre_framed,SEK,0.5576324462890625
000552,BCC,ddi,ASSESSED,pre_framed,BCC,0.06852340698242188
000583,BCC,ddi,ASSESSED,pre_framed,SCC,0.8266143798828125
000582,BCC,ddi,QUALITY_REJECTED,,,
000478,BCC,ddi,ASSESSED,pre_framed,SCC,0.7858428955078125
000512,BCC,ddi,ASSESSED,pre_framed,BCC,0.3119010925292969
000551,BCC,ddi,ASSESSED,pre_framed,ACK,0.2003631591796875
000537,BCC,ddi,ASSESSED,pre_framed,ACK,0.5036277770996094
000488,BCC,ddi,ASSESSED,pre_framed,BCC,0.25116729736328125
000543,BCC,ddi,ASSESSED,pre_framed,BCC,0.8020477294921875
000579,BCC,ddi,ASSESSED,pre_framed,BCC,0.5338325500488281
000481,BCC,ddi,ASSESSED,pre_framed,BCC,0.7170600891113281
000519,BCC,ddi,ASSESSED,pre_framed,MEL,0.3061065673828125
000558,BCC,ddi,ASSESSED,pre_framed,ACK,0.4686851501464844
000656,BCC,ddi,ASSESSED,pre_framed,SCC,0.5764389038085938
000588,BCC,ddi,ASSESSED,pre_framed,ACK,0.14754867553710938
000511,BCC,ddi,ASSESSED,pre_framed,BCC,0.2828178405761719
000554,BCC,ddi,ASSESSED,pre_framed,ACK,0.2792015075683594
000637,BCC,ddi,ASSESSED,pre_framed,NEV,0.4224090576171875
000565,BCC,ddi,ASSESSED,pre_framed,ACK,0.32599639892578125
000648,BCC,ddi,ASSESSED,pre_framed,BCC,0.4216461181640625
000589,BCC,ddi,ASSESSED,pre_framed,SEK,0.6773147583007812
000555,BCC,ddi,ASSESSED,pre_framed,ACK,0.2457427978515625
000560,BCC,ddi,ASSESSED,pre_framed,NEV,0.1369781494140625
000484,BCC,ddi,ASSESSED,pre_framed,NEV,0.5038223266601562
000633,BCC,ddi,ASSESSED,pre_framed,NEV,0.0177459716796875
000644,BCC,ddi,ASSESSED,pre_framed,BCC,0.7936782836914062
000630,BCC,ddi,ASSESSED,pre_framed,NEV,0.2658843994140625
000598,BCC,ddi,ASSESSED,pre_framed,ACK,0.1018829345703125
000541,BCC,ddi,ASSESSED,pre_framed,ACK,0.76202392578125
000590,BCC,ddi,ASSESSED,pre_framed,BCC,0.5941390991210938
000616,BCC,ddi,ASSESSED,pre_framed,BCC,0.33318328857421875
000010,BCC,ddi,ASSESSED,pre_framed,NEV,0.10945892333984375
000473,NEV,ddi,ASSESSED,pre_framed,NEV,0.024959564208984375
000651,NEV,ddi,ASSESSED,pre_framed,ACK,0.0522003173828125
000497,NEV,ddi,ASSESSED,pre_framed,ACK,0.0155181884765625
000650,NEV,ddi,ASSESSED,pre_framed,NEV,0.37693023681640625
000243,NEV,ddi,ASSESSED,pre_framed,ACK,0.360809326171875
000505,NEV,ddi,ASSESSED,pre_framed,NEV,0.011096954345703125
000448,NEV,ddi,ASSESSED,pre_framed,NEV,0.26406097412109375
000480,NEV,ddi,ASSESSED,pre_framed,NEV,0.4519844055175781
000576,NEV,ddi,ASSESSED,pre_framed,NEV,0.01129150390625
000625,NEV,ddi,ASSESSED,pre_framed,NEV,0.35002899169921875
000461,NEV,ddi,ASSESSED,pre_framed,NEV,0.30478668212890625
000528,NEV,ddi,ASSESSED,pre_framed,NEV,0.29620361328125
000586,NEV,ddi,ASSESSED,pre_framed,NEV,0.4255867004394531
000446,NEV,ddi,ASSESSED,pre_framed,NEV,0.3755455017089844
000513,NEV,ddi,ASSESSED,pre_framed,ACK,0.24442291259765625
000611,NEV,ddi,ASSESSED,pre_framed,ACK,0.8828010559082031
000442,NEV,ddi,ASSESSED,pre_framed,ACK,0.3130912780761719
000527,NEV,ddi,ASSESSED,pre_framed,NEV,0.00482177734375
000457,NEV,ddi,ASSESSED,pre_framed,NEV,0.44586181640625
000526,NEV,ddi,ASSESSED,pre_framed,NEV,0.2536773681640625
000189,NEV,ddi,ASSESSED,pre_framed,ACK,0.40004730224609375
000462,NEV,ddi,ASSESSED,pre_framed,MEL,0.49124908447265625
000099,NEV,ddi,ASSESSED,pre_framed,NEV,0.701507568359375
000452,NEV,ddi,ASSESSED,pre_framed,NEV,0.3952064514160156
000636,NEV,ddi,ASSESSED,pre_framed,ACK,0.6110763549804688
000624,NEV,ddi,ASSESSED,pre_framed,NEV,0.4872093200683594
000638,NEV,ddi,ASSESSED,pre_framed,NEV,0.24845504760742188
000458,NEV,ddi,ASSESSED,pre_framed,ACK,0.44626617431640625
000098,NEV,ddi,ASSESSED,pre_framed,NEV,0.7490959167480469
000626,NEV,ddi,ASSESSED,pre_framed,NEV,0.23160171508789062
000454,NEV,ddi,ASSESSED,pre_framed,NEV,0.1220703125
000504,NEV,ddi,ASSESSED,pre_framed,ACK,0.5759239196777344
000036,NEV,ddi,ASSESSED,pre_framed,NEV,0.2518196105957031
000641,NEV,ddi,ASSESSED,pre_framed,NEV,0.4311637878417969
000631,NEV,ddi,ASSESSED,pre_framed,NEV,0.010944366455078125
000628,NEV,ddi,ASSESSED,pre_framed,NEV,0.17900848388671875
000465,NEV,ddi,ASSESSED,pre_framed,NEV,0.27474212646484375
000646,NEV,ddi,ASSESSED,pre_framed,MEL,0.5172653198242188
000580,NEV,ddi,ASSESSED,pre_framed,NEV,0.17600631713867188
000459,NEV,ddi,ASSESSED,pre_framed,NEV,0.31231689453125
000100,NEV,ddi,ASSESSED,pre_framed,NEV,0.3379402160644531
000615,NEV,ddi,ASSESSED,pre_framed,NEV,0.21581649780273438
000110,NEV,ddi,ASSESSED,pre_framed,NEV,0.3018074035644531
000064,NEV,ddi,ASSESSED,pre_framed,ACK,0.4461326599121094
000571,NEV,ddi,ASSESSED,pre_framed,NEV,0.3104400634765625
000645,NEV,ddi,ASSESSED,pre_framed,NEV,0.439849853515625
000447,NEV,ddi,ASSESSED,pre_framed,MEL,0.6480636596679688
000194,NEV,ddi,ASSESSED,pre_framed,NEV,0.4819984436035156
000516,NEV,ddi,ASSESSED,pre_framed,NEV,0.4777565002441406
000620,NEV,ddi,ASSESSED,pre_framed,NEV,0.2527580261230469
000548,NEV,ddi,ASSESSED,pre_framed,NEV,0.07513046264648438
000184,NEV,ddi,ASSESSED,pre_framed,NEV,0.37939453125
000460,NEV,ddi,ASSESSED,pre_framed,NEV,0.2907676696777344
000643,NEV,ddi,ASSESSED,pre_framed,NEV,0.09477615356445312
000642,NEV,ddi,ASSESSED,pre_framed,NEV,0.15663909912109375
000466,NEV,ddi,ASSESSED,pre_framed,NEV,0.4408149719238281
000499,NEV,ddi,ASSESSED,pre_framed,NEV,0.02892303466796875
000629,NEV,ddi,ASSESSED,pre_framed,ACK,0.17519378662109375
000529,NEV,ddi,ASSESSED,pre_framed,NEV,0.2693023681640625
000222,NEV,ddi,ASSESSED,pre_framed,NEV,0.5084152221679688
000653,NEV,ddi,ASSESSED,pre_framed,NEV,0.15022659301757812
000563,NEV,ddi,ASSESSED,pre_framed,BCC,0.16263580322265625
000475,NEV,ddi,ASSESSED,pre_framed,NEV,0.06372451782226562
000614,NEV,ddi,ASSESSED,pre_framed,NEV,0.0512542724609375
000498,NEV,ddi,ASSESSED,pre_framed,NEV,0.056087493896484375
000632,NEV,ddi,ASSESSED,pre_framed,NEV,0.02738189697265625
000495,NEV,ddi,ASSESSED,pre_framed,ACK,0.16244125366210938
000570,MEL,ddi,ASSESSED,pre_framed,NEV,0.04119873046875
000493,MEL,ddi,ASSESSED,pre_framed,ACK,0.3408966064453125
000451,MEL,ddi,ASSESSED,pre_framed,NEV,0.00521087646484375
000443,MEL,ddi,ASSESSED,pre_framed,NEV,0.7407913208007812
000594,MEL,ddi,ASSESSED,pre_framed,NEV,0.19061660766601562
000635,MEL,ddi,ASSESSED,pre_framed,NEV,0.3030853271484375
000522,MEL,ddi,ASSESSED,pre_framed,NEV,0.37976837158203125
000362,SEK,ddi,ASSESSED,pre_framed,NEV,0.5799217224121094
000595,SEK,ddi,ASSESSED,pre_framed,NEV,0.09287643432617188
000363,SEK,ddi,ASSESSED,pre_framed,NEV,0.5306549072265625
000534,SEK,ddi,ASSESSED,pre_framed,MEL,0.13366317749023438
000503,SEK,ddi,ASSESSED,pre_framed,BCC,0.14873886108398438
000608,SEK,ddi,ASSESSED,pre_framed,SEK,0.27504730224609375
000623,SEK,ddi,ASSESSED,pre_framed,BCC,0.05908203125
000605,SEK,ddi,ASSESSED,pre_framed,NEV,0.13871383666992188
000476,SEK,ddi,ASSESSED,pre_framed,ACK,0.7080726623535156
000449,SEK,ddi,ASSESSED,pre_framed,ACK,0.836639404296875
000542,SEK,ddi,ASSESSED,pre_framed,NEV,0.18472671508789062
000082,SEK,ddi,ASSESSED,pre_framed,NEV,0.3840293884277344
000482,SEK,ddi,ASSESSED,pre_framed,ACK,0.38239288330078125
000601,SEK,ddi,ASSESSED,pre_framed,NEV,0.08078384399414062
000445,SEK,ddi,ASSESSED,pre_framed,SEK,0.27735137939453125
000602,SEK,ddi,ASSESSED,pre_framed,NEV,0.3780784606933594
000224,SEK,ddi,ASSESSED,pre_framed,NEV,0.5455131530761719
000569,SEK,ddi,ASSESSED,pre_framed,SEK,0.11960601806640625
000062,SEK,ddi,ASSESSED,pre_framed,ACK,0.069091796875
000485,SCC,ddi,ASSESSED,pre_framed,SCC,0.6228790283203125
000483,SCC,ddi,ASSESSED,pre_framed,NEV,0.6809196472167969
000567,SCC,ddi,ASSESSED,pre_framed,BCC,0.5125694274902344
000587,SCC,ddi,ASSESSED,pre_framed,SCC,0.7750396728515625
000532,SCC,ddi,ASSESSED,pre_framed,ACK,0.5191802978515625
000585,SCC,ddi,ASSESSED,pre_framed,BCC,0.5370063781738281
000596,SCC,ddi,ASSESSED,pre_framed,NEV,0.6136093139648438
000581,SCC,ddi,ASSESSED,pre_framed,BCC,0.8210067749023438
000655,SCC,ddi,ASSESSED,pre_framed,BCC,0.5105781555175781
000477,SCC,ddi,ASSESSED,pre_framed,SCC,0.8277549743652344
000562,SCC,ddi,ASSESSED,pre_framed,SCC,0.39247894287109375
000591,SCC,ddi,ASSESSED,pre_framed,ACK,0.3997802734375
000600,SCC,ddi,ASSESSED,pre_framed,ACK,0.7275047302246094
000173,NEV,ddi,ASSESSED,pre_framed,NEV,0.6183090209960938
000058,NEV,ddi,ASSESSED,pre_framed,NEV,0.160125732421875
000181,NEV,ddi,ASSESSED,pre_framed,NEV,0.0
000152,NEV,ddi,ASSESSED,pre_framed,SEK,0.08044815063476562
000080,NEV,ddi,ASSESSED,pre_framed,NEV,0.6692848205566406
000207,NEV,ddi,ASSESSED,pre_framed,ACK,0.08362197875976562
000206,NEV,ddi,ASSESSED,pre_framed,SEK,0.5829124450683594
000109,NEV,ddi,ASSESSED,pre_framed,NEV,0.0850677490234375
000195,NEV,ddi,ASSESSED,pre_framed,SEK,0.3576927185058594
000120,NEV,ddi,ASSESSED,pre_framed,SEK,0.6283493041992188
000116,NEV,ddi,ASSESSED,pre_framed,NEV,0.7447700500488281
000197,NEV,ddi,ASSESSED,pre_framed,NEV,0.44353485107421875
000145,NEV,ddi,QUALITY_REJECTED,,,
000183,NEV,ddi,ASSESSED,pre_framed,SEK,0.4921455383300781
000121,NEV,ddi,ASSESSED,pre_framed,ACK,0.7447242736816406
000088,NEV,ddi,ASSESSED,pre_framed,NEV,0.8522758483886719
000238,NEV,ddi,ASSESSED,pre_framed,NEV,0.10539627075195312
000227,NEV,ddi,ASSESSED,pre_framed,ACK,0.4579887390136719
000191,NEV,ddi,ASSESSED,pre_framed,NEV,0.19555282592773438
000079,NEV,ddi,ASSESSED,pre_framed,SEK,0.6313133239746094
000159,NEV,ddi,ASSESSED,pre_framed,SEK,0.3800811767578125
000101,NEV,ddi,ASSESSED,pre_framed,SEK,0.3592414855957031
000155,NEV,ddi,ASSESSED,pre_framed,NEV,0.9438133239746094
000205,NEV,ddi,ASSESSED,pre_framed,SEK,0.35617828369140625
000092,NEV,ddi,QUALITY_REJECTED,,,
000182,NEV,ddi,ASSESSED,pre_framed,NEV,0.6852989196777344
000162,MEL,ddi,ASSESSED,pre_framed,NEV,0.14297866821289062
000007,MEL,ddi,ASSESSED,pre_framed,ACK,0.4319419860839844
000013,MEL,ddi,ASSESSED,pre_framed,SCC,0.2508277893066406
000009,MEL,ddi,ASSESSED,pre_framed,NEV,0.3340644836425781
000008,MEL,ddi,ASSESSED,pre_framed,NEV,0.29355621337890625
000002,MEL,ddi,ASSESSED,pre_framed,NEV,0.4572906494140625
000001,MEL,ddi,ASSESSED,pre_framed,SEK,0.4063568115234375
000168,SEK,ddi,ASSESSED,pre_framed,ACK,0.9520530700683594
000104,SEK,ddi,ASSESSED,pre_framed,ACK,0.4015922546386719
000192,SEK,ddi,ASSESSED,pre_framed,NEV,0.5521316528320312
000153,SEK,ddi,ASSESSED,pre_framed,ACK,0.3518943786621094
000172,SEK,ddi,ASSESSED,pre_framed,SEK,0.6514091491699219
000174,SEK,ddi,ASSESSED,pre_framed,BCC,0.38671875
000160,SEK,ddi,ASSESSED,pre_framed,ACK,0.5369834899902344
000201,SEK,ddi,ASSESSED,pre_framed,NEV,0.6118278503417969
000091,SEK,ddi,ASSESSED,pre_framed,SEK,0.4662933349609375
000203,SEK,ddi,ASSESSED,pre_framed,SEK,0.7877426147460938
000111,SEK,ddi,ASSESSED,pre_framed,SEK,0.14663314819335938
000105,SEK,ddi,ASSESSED,pre_framed,ACK,0.18639755249023438
000129,SEK,ddi,ASSESSED,pre_framed,BCC,0.7463417053222656
000247,SEK,ddi,ASSESSED,pre_framed,BCC,0.5456809997558594
000226,SEK,ddi,ASSESSED,pre_framed,NEV,0.3942680358886719
000180,SEK,ddi,ASSESSED,pre_framed,NEV,0.5076980590820312
000237,SEK,ddi,ASSESSED,pre_framed,SEK,0.3655967712402344
000178,SEK,ddi,ASSESSED,pre_framed,ACK,0.4903526306152344
000114,SEK,ddi,ASSESSED,pre_framed,SEK,0.6318893432617188
000142,SEK,ddi,ASSESSED,pre_framed,SEK,0.8305740356445312
000053,SEK,ddi,ASSESSED,pre_framed,NEV,0.11416244506835938
000187,SEK,ddi,ASSESSED,pre_framed,ACK,0.4527015686035156
000161,SEK,ddi,ASSESSED,pre_framed,NEV,0.6055030822753906
000169,SCC,ddi,ASSESSED,pre_framed,SCC,0.6697044372558594
000011,SCC,ddi,ASSESSED,pre_framed,SCC,0.5530967712402344
000015,SCC,ddi,ASSESSED,pre_framed,SCC,0.8034019470214844
000006,SCC,ddi,ASSESSED,pre_framed,SCC,0.7202720642089844
000014,SCC,ddi,ASSESSED,pre_framed,SCC,0.9693412780761719
000012,SCC,ddi,ASSESSED,pre_framed,ACK,0.6800422668457031
368748426,NEV,ddi2,ASSESSED,pre_framed,NEV,0.3402366638183594
408528605_cropped,NEV,ddi2,ASSESSED,pre_framed,NEV,0.3983802795410156
36017959,NEV,ddi2,ASSESSED,pre_framed,NEV,0.18790435791015625
4036263,NEV,ddi2,ASSESSED,pre_framed,NEV,0.5018844604492188
173751948,NEV,ddi2,ASSESSED,pre_framed,NEV,0.39435577392578125
208286973,NEV,ddi2,ASSESSED,pre_framed,SEK,0.5359573364257812
272144283,NEV,ddi2,ASSESSED,pre_framed,NEV,0.19191741943359375
544149906,ACK,ddi2,ASSESSED,pre_framed,SCC,0.3510284423828125
376452782,ACK,ddi2,ASSESSED,pre_framed,NEV,0.4305572509765625
1475311_cropped,ACK,ddi2,ASSESSED,pre_framed,BCC,0.3218574523925781
467987668,ACK,ddi2,ASSESSED,pre_framed,SEK,0.23034286499023438
609300330,NEV,ddi2,ASSESSED,pre_framed,NEV,0.3079109191894531
488599319_cropped,NEV,ddi2,ASSESSED,pre_framed,NEV,0.14928436279296875
474040772_cropped,BCC,ddi2,ASSESSED,pre_framed,ACK,0.276947021484375
59597411,BCC,ddi2,ASSESSED,pre_framed,SEK,0.0215301513671875
591287793_cropped,BCC,ddi2,ASSESSED,pre_framed,BCC,0.09058761596679688
68887205,BCC,ddi2,ASSESSED,pre_framed,SEK,0.2754669189453125
140138611,BCC,ddi2,ASSESSED,pre_framed,SEK,0.3787994384765625
310451016_cropped,BCC,ddi2,ASSESSED,pre_framed,BCC,0.24933624267578125
449817191,NEV,ddi2,ASSESSED,pre_framed,NEV,0.4021492004394531
3706164,NEV,ddi2,ASSESSED,pre_framed,NEV,0.15309524536132812
401209637,NEV,ddi2,ASSESSED,pre_framed,NEV,0.26300048828125
180565507,NEV,ddi2,ASSESSED,pre_framed,ACK,0.0
21800398,NEV,ddi2,ASSESSED,pre_framed,NEV,0.3873710632324219
4583385,NEV,ddi2,ASSESSED,pre_framed,NEV,0.2643013000488281
157362,NEV,ddi2,ASSESSED,pre_framed,ACK,0.19298171997070312
215873524,NEV,ddi2,ASSESSED,pre_framed,NEV,0.50555419921875
16845126,NEV,ddi2,ASSESSED,pre_framed,BCC,0.25247955322265625
508489103,NEV,ddi2,ASSESSED,pre_framed,ACK,0.09305953979492188
156936,NEV,ddi2,ASSESSED,pre_framed,MEL,0.20139694213867188
512128075,NEV,ddi2,ASSESSED,pre_framed,SCC,0.5376663208007812
383080411,NEV,ddi2,ASSESSED,pre_framed,NEV,0.323974609375
90164773,NEV,ddi2,ASSESSED,pre_framed,NEV,0.46352386474609375
110071340,NEV,ddi2,ASSESSED,pre_framed,NEV,0.042789459228515625
69748450_cropped,NEV,ddi2,ASSESSED,pre_framed,SCC,0.4336738586425781
210300111,NEV,ddi2,ASSESSED,pre_framed,MEL,0.548919677734375
4962743,NEV,ddi2,ASSESSED,pre_framed,NEV,0.05396270751953125
502317806_cropped,NEV,ddi2,ASSESSED,pre_framed,ACK,0.01371002197265625
564855241_cropped,NEV,ddi2,ASSESSED,pre_framed,NEV,0.19149398803710938
145405_cropped,NEV,ddi2,ASSESSED,pre_framed,NEV,0.3030891418457031
49466752,NEV,ddi2,ASSESSED,pre_framed,NEV,0.0
525653280,NEV,ddi2,ASSESSED,pre_framed,NEV,0.0
219101873_cropped,NEV,ddi2,ASSESSED,pre_framed,ACK,0.26287078857421875
382303398,NEV,ddi2,ASSESSED,pre_framed,NEV,0.2826881408691406
4545745_cropped,ACK,ddi2,ASSESSED,pre_framed,BCC,0.1933441162109375
230772823,ACK,ddi2,ASSESSED,pre_framed,NEV,0.0492401123046875
66910751,ACK,ddi2,ASSESSED,pre_framed,ACK,0.3084526062011719
114424496,NEV,ddi2,ASSESSED,pre_framed,NEV,0.208831787109375
70097714,ACK,ddi2,ASSESSED,pre_framed,ACK,0.6564483642578125
522388875_cropped,SEK,ddi2,ASSESSED,pre_framed,NEV,0.6166954040527344
601663287,NEV,ddi2,ASSESSED,pre_framed,ACK,0.15015029907226562
134770449,NEV,ddi2,ASSESSED,pre_framed,NEV,0.07730484008789062
581769038_cropped,NEV,ddi2,ASSESSED,pre_framed,NEV,0.017917633056640625
454371472_cropped,SEK,ddi2,ASSESSED,pre_framed,NEV,0.3200187683105469
421613260_cropped,SEK,ddi2,ASSESSED,pre_framed,NEV,0.46604156494140625
481732681,SEK,ddi2,ASSESSED,pre_framed,SEK,0.2814064025878906
67681366_cropped,SEK,ddi2,ASSESSED,pre_framed,ACK,0.22887420654296875
2079088_cropped,SEK,ddi2,ASSESSED,pre_framed,NEV,0.5673828125
404503794_cropped,SEK,ddi2,ASSESSED,pre_framed,ACK,0.59716796875
452753626,SEK,ddi2,ASSESSED,pre_framed,NEV,0.1389923095703125
619438627,SEK,ddi2,ASSESSED,pre_framed,SEK,0.1387786865234375
570220594,SEK,ddi2,ASSESSED,pre_framed,NEV,0.11620330810546875
1699954,SEK,ddi2,ASSESSED,pre_framed,NEV,0.2731208801269531
509552145_cropped,SEK,ddi2,ASSESSED,pre_framed,SEK,0.3546142578125
405167756_cropped,SEK,ddi2,ASSESSED,pre_framed,NEV,0.4643898010253906
381010011_cropped,SEK,ddi2,ASSESSED,pre_framed,NEV,0.17978286743164062
80491223,SEK,ddi2,ASSESSED,pre_framed,NEV,0.20369720458984375
543594788,NEV,ddi2,ASSESSED,pre_framed,NEV,0.055843353271484375
543594810,NEV,ddi2,ASSESSED,pre_framed,ACK,0.19268417358398438
3927108_cropped,NEV,ddi2,ASSESSED,pre_framed,BCC,0.3835334777832031
159304236,NEV,ddi2,ASSESSED,pre_framed,NEV,0.0
2294454,NEV,ddi2,ASSESSED,pre_framed,NEV,0.38848114013671875
4281632_cropped,NEV,ddi2,ASSESSED,pre_framed,NEV,0.23249053955078125
2634218_cropped,NEV,ddi2,ASSESSED,pre_framed,NEV,0.48070526123046875
233902321,NEV,ddi2,ASSESSED,pre_framed,MEL,0.23609161376953125
3029590,NEV,ddi2,ASSESSED,pre_framed,ACK,0.0059814453125
3320737,NEV,ddi2,ASSESSED,pre_framed,NEV,0.440460205078125
537208373_cropped,NEV,ddi2,ASSESSED,pre_framed,NEV,0.12606048583984375
578118300_cropped,NEV,ddi2,ASSESSED,pre_framed,NEV,0.16754913330078125
242982907,NEV,ddi2,ASSESSED,pre_framed,NEV,0.1003875732421875
1836399_cropped,NEV,ddi2,ASSESSED,pre_framed,BCC,0.24937820434570312
454833518,NEV,ddi2,ASSESSED,pre_framed,NEV,0.2623748779296875
33199773,NEV,ddi2,ASSESSED,pre_framed,ACK,0.30706024169921875
16660247,NEV,ddi2,ASSESSED,pre_framed,NEV,0.53924560546875
454540140,NEV,ddi2,ASSESSED,pre_framed,NEV,0.17955780029296875
3450274,NEV,ddi2,ASSESSED,pre_framed,NEV,0.13136672973632812
590770704_cropped,NEV,ddi2,ASSESSED,pre_framed,NEV,0.2824363708496094
443693741_cropped,NEV,ddi2,ASSESSED,pre_framed,ACK,0.31774139404296875
47515800,NEV,ddi2,ASSESSED,pre_framed,ACK,0.4663658142089844
1476636,NEV,ddi2,ASSESSED,pre_framed,NEV,0.4221649169921875
605688980,NEV,ddi2,ASSESSED,pre_framed,NEV,0.2692146301269531
502948221_cropped,NEV,ddi2,ASSESSED,pre_framed,NEV,0.16982650756835938
397293240,NEV,ddi2,ASSESSED,pre_framed,NEV,0.23616409301757812
531442994,NEV,ddi2,ASSESSED,pre_framed,NEV,0.07956314086914062
430654581_cropped,NEV,ddi2,ASSESSED,pre_framed,NEV,0.24559783935546875
398575399_cropped,NEV,ddi2,ASSESSED,pre_framed,ACK,0.053863525390625
258212290,NEV,ddi2,ASSESSED,pre_framed,NEV,0.0137481689453125
277662611_cropped,SCC,ddi2,ASSESSED,pre_framed,SCC,0.3666648864746094
140386,NEV,ddi2,ASSESSED,pre_framed,NEV,0.23314666748046875
302870490,SEK,ddi2,ASSESSED,pre_framed,NEV,0.2652168273925781
590843988,NEV,ddi2,ASSESSED,pre_framed,NEV,0.01678466796875
318363411,NEV,ddi2,ASSESSED,pre_framed,ACK,0.09035491943359375
302869512,NEV,ddi2,ASSESSED,pre_framed,NEV,0.3506965637207031
154551324,NEV,ddi2,ASSESSED,pre_framed,SCC,0.1717529296875
233757249_cropped,NEV,ddi2,ASSESSED,pre_framed,NEV,0.21173095703125
523451750,NEV,ddi2,ASSESSED,pre_framed,ACK,0.1744842529296875
1881642,NEV,ddi2,ASSESSED,pre_framed,ACK,0.2594146728515625
4051943,SEK,ddi2,ASSESSED,pre_framed,NEV,0.3247566223144531
62167721,MEL,ddi2,ASSESSED,pre_framed,NEV,0.2623329162597656
54823673,MEL,ddi2,ASSESSED,pre_framed,NEV,0.07524871826171875
492480409_cropped,NEV,ddi2,ASSESSED,pre_framed,NEV,0.1583404541015625
589370303_cropped,NEV,ddi2,ASSESSED,pre_framed,NEV,0.0026092529296875
453523300,NEV,ddi2,ASSESSED,pre_framed,NEV,0.001903533935546875
429437614,NEV,ddi2,ASSESSED,pre_framed,NEV,0.055377960205078125
121538416,NEV,ddi2,ASSESSED,pre_framed,NEV,0.20824050903320312
1706983,NEV,ddi2,ASSESSED,pre_framed,ACK,0.2754096984863281
1883546,NEV,ddi2,ASSESSED,pre_framed,ACK,0.5316390991210938
70268265,NEV,ddi2,ASSESSED,pre_framed,NEV,0.40673065185546875
184172246,NEV,ddi2,ASSESSED,pre_framed,NEV,0.13155364990234375
47362915,NEV,ddi2,ASSESSED,pre_framed,SEK,0.5962944030761719
94637714,NEV,ddi2,ASSESSED,pre_framed,NEV,0.037425994873046875
2794736,NEV,ddi2,ASSESSED,pre_framed,NEV,0.09932327270507812
150080038,NEV,ddi2,ASSESSED,pre_framed,NEV,0.09414291381835938
512683910,NEV,ddi2,ASSESSED,pre_framed,NEV,0.07413482666015625
148054994,NEV,ddi2,ASSESSED,pre_framed,NEV,0.00023651123046875
276917796_cropped,NEV,ddi2,ASSESSED,pre_framed,NEV,0.3019447326660156
94200406,NEV,ddi2,ASSESSED,pre_framed,NEV,0.0615234375
79973107,NEV,ddi2,ASSESSED,pre_framed,ACK,0.0400543212890625
119378654_cropped,NEV,ddi2,ASSESSED,pre_framed,NEV,0.13654327392578125
472310674,NEV,ddi2,ASSESSED,pre_framed,NEV,0.001659393310546875
253037018,NEV,ddi2,ASSESSED,pre_framed,NEV,0.16756820678710938
159088207,NEV,ddi2,ASSESSED,pre_framed,NEV,0.25202178955078125
236046253,NEV,ddi2,ASSESSED,pre_framed,NEV,0.091156005859375
302869499,NEV,ddi2,ASSESSED,pre_framed,NEV,0.08560943603515625
512683898,NEV,ddi2,ASSESSED,pre_framed,NEV,0.09143829345703125
180473299,NEV,ddi2,ASSESSED,pre_framed,NEV,0.00981903076171875
48447649_cropped,NEV,ddi2,ASSESSED,pre_framed,BCC,0.5125732421875
422452351_cropped,BCC,ddi2,ASSESSED,pre_framed,BCC,0.055889129638671875
173719681_cropped,BCC,ddi2,ASSESSED,pre_framed,NEV,0.5056076049804688
20062430_cropped,SEK,ddi2,ASSESSED,pre_framed,ACK,0.2931976318359375
3320724_cropped,SEK,ddi2,ASSESSED,pre_framed,NEV,0.17394256591796875
311621033,SEK,ddi2,ASSESSED,pre_framed,MEL,0.17278671264648438
535497772,SEK,ddi2,ASSESSED,pre_framed,NEV,0.2046051025390625
370142191_cropped,SEK,ddi2,ASSESSED,pre_framed,SCC,0.18134689331054688
419328311,SEK,ddi2,ASSESSED,pre_framed,NEV,0.27542877197265625
342226398,SEK,ddi2,ASSESSED,pre_framed,NEV,0.027881622314453125
590005227,SEK,ddi2,ASSESSED,pre_framed,BCC,0.15869140625
501946366,NEV,ddi2,ASSESSED,pre_framed,SCC,0.19864273071289062
85333706_cropped,SEK,ddi2,ASSESSED,pre_framed,ACK,0.13080215454101562
45540491,SEK,ddi2,ASSESSED,pre_framed,ACK,0.42194366455078125
398935806,SEK,ddi2,ASSESSED,pre_framed,NEV,0.32971954345703125
349214594,SEK,ddi2,ASSESSED,pre_framed,NEV,0.24106979370117188
4557510_cropped,SEK,ddi2,ASSESSED,pre_framed,ACK,0.04265594482421875
3706035_cropped,SEK,ddi2,ASSESSED,pre_framed,ACK,0.15470504760742188
3578914_cropped,SEK,ddi2,ASSESSED,pre_framed,NEV,0.4087791442871094
63733030,SEK,ddi2,ASSESSED,pre_framed,SCC,0.49262237548828125
390580622,SEK,ddi2,ASSESSED,pre_framed,SEK,0.4317054748535156
35617148_cropped,SEK,ddi2,ASSESSED,pre_framed,ACK,0.050647735595703125
375157869,SEK,ddi2,ASSESSED,pre_framed,ACK,0.22745513916015625
553077840,SEK,ddi2,ASSESSED,pre_framed,NEV,0.015594482421875
73275809,SEK,ddi2,ASSESSED,pre_framed,MEL,0.3810462951660156
392132683,SEK,ddi2,ASSESSED,pre_framed,NEV,0.2647209167480469
2530724,SEK,ddi2,ASSESSED,pre_framed,ACK,0.20610427856445312
23572950_cropped,SEK,ddi2,ASSESSED,pre_framed,NEV,0.08201980590820312
492480897_cropped,SEK,ddi2,ASSESSED,pre_framed,NEV,0.13869476318359375
610327379,SEK,ddi2,ASSESSED,pre_framed,SCC,0.246002197265625
379672635,SEK,ddi2,ASSESSED,pre_framed,NEV,0.13338470458984375
69701164,SEK,ddi2,ASSESSED,pre_framed,SCC,0.20751571655273438
2113796_cropped,SEK,ddi2,ASSESSED,pre_framed,NEV,0.4896087646484375
605663060,SEK,ddi2,ASSESSED,pre_framed,NEV,0.01544952392578125
3679432,SEK,ddi2,ASSESSED,pre_framed,ACK,0.059173583984375
597674276,SEK,ddi2,ASSESSED,pre_framed,NEV,0.0588531494140625
1939850,SEK,ddi2,ASSESSED,pre_framed,ACK,0.4655303955078125
48906517,SEK,ddi2,ASSESSED,pre_framed,NEV,0.000614166259765625
4763900,NEV,ddi2,ASSESSED,pre_framed,BCC,0.5459823608398438
574940021,NEV,ddi2,ASSESSED,pre_framed,ACK,0.050350189208984375
70033091,SCC,ddi2,ASSESSED,pre_framed,SCC,0.22951126098632812
2623694,SCC,ddi2,ASSESSED,pre_framed,BCC,0.5137100219726562
594223998_cropped,SCC,ddi2,ASSESSED,pre_framed,ACK,0.01580047607421875
36023981_cropped,SCC,ddi2,ASSESSED,pre_framed,NEV,0.18984222412109375
628951123,SCC,ddi2,ASSESSED,pre_framed,ACK,0.39650726318359375
370156636,SCC,ddi2,ASSESSED,pre_framed,NEV,0.153839111328125
49581683,SCC,ddi2,ASSESSED,pre_framed,BCC,0.3578834533691406
271764793,NEV,ddi2,ASSESSED,pre_framed,NEV,0.2515754699707031
169511646,NEV,ddi2,ASSESSED,pre_framed,NEV,0.45218658447265625
3265781_cropped,SEK,ddi2,ASSESSED,pre_framed,NEV,0.3188438415527344
270607233_cropped,NEV,ddi2,ASSESSED,pre_framed,BCC,0.04860687255859375
431553013_cropped,SCC,ddi2,ASSESSED,pre_framed,NEV,0.24773788452148438
4725324,NEV,ddi2,ASSESSED,pre_framed,NEV,0.18259811401367188
3784561_cropped,ACK,ddi2,ASSESSED,pre_framed,BCC,0.39762115478515625
66258170_cropped,ACK,ddi2,ASSESSED,pre_framed,ACK,0.02059173583984375
3117646,ACK,ddi2,ASSESSED,pre_framed,ACK,0.16143417358398438
1340434_cropped,ACK,ddi2,ASSESSED,pre_framed,ACK,0.10205841064453125
16354216_cropped,BCC,ddi2,ASSESSED,pre_framed,BCC,0.2792930603027344
131816735,BCC,ddi2,ASSESSED,pre_framed,SCC,0.3896942138671875
504679151,BCC,ddi2,ASSESSED,pre_framed,NEV,0.046863555908203125
1628559,BCC,ddi2,ASSESSED,pre_framed,MEL,0.4182090759277344
119911_cropped,NEV,ddi2,ASSESSED,pre_framed,NEV,0.36145782470703125
128669990,NEV,ddi2,ASSESSED,pre_framed,SCC,0.3748779296875
633413753_cropped,ACK,ddi2,ASSESSED,pre_framed,NEV,0.12952804565429688
97303817,ACK,ddi2,ASSESSED,pre_framed,BCC,0.21358871459960938
438012301_cropped,ACK,ddi2,ASSESSED,pre_framed,ACK,0.47698974609375
22840145,ACK,ddi2,ASSESSED,pre_framed,SCC,0.5504684448242188
487007365_cropped,ACK,ddi2,ASSESSED,pre_framed,NEV,0.4137535095214844
380988697,SEK,ddi2,ASSESSED,pre_framed,NEV,0.046474456787109375
1458624_cropped,SEK,ddi2,ASSESSED,pre_framed,MEL,0.2612495422363281
207894512_cropped,SEK,ddi2,ASSESSED,pre_framed,ACK,0.5576972961425781
3903285,NEV,ddi2,ASSESSED,pre_framed,NEV,0.022258758544921875
3401039,NEV,ddi2,ASSESSED,pre_framed,NEV,0.21854019165039062
222795432,NEV,ddi2,ASSESSED,pre_framed,NEV,0.22803115844726562
514466749,NEV,ddi2,ASSESSED,pre_framed,NEV,0.002704620361328125
1501744,NEV,ddi2,ASSESSED,pre_framed,NEV,0.043743133544921875
1747456,NEV,ddi2,ASSESSED,pre_framed,NEV,0.19781112670898438
20887580,SEK,ddi2,ASSESSED,pre_framed,NEV,0.5379600524902344
233072363,MEL,ddi2,ASSESSED,pre_framed,NEV,0.0884857177734375
1438198,NEV,ddi2,ASSESSED,pre_framed,ACK,0.051586151123046875
277027867,ACK,ddi2,ASSESSED,pre_framed,NEV,0.07323837280273438
188275025_cropped,BCC,ddi2,ASSESSED,pre_framed,MEL,0.2976799011230469
147804,BCC,ddi2,ASSESSED,pre_framed,NEV,0.010349273681640625
326557755,BCC,ddi2,ASSESSED,pre_framed,SCC,0.5413665771484375
557497476,SEK,ddi2,ASSESSED,pre_framed,NEV,0.28357696533203125
31062577_cropped,SEK,ddi2,ASSESSED,pre_framed,NEV,0.2611198425292969
632875508,SEK,ddi2,ASSESSED,pre_framed,NEV,0.08228683471679688
536614215,SEK,ddi2,QUALITY_REJECTED,,,
229064773_cropped,SEK,ddi2,ASSESSED,pre_framed,ACK,0.001434326171875
15084136_cropped,SEK,ddi2,ASSESSED,pre_framed,BCC,0.7232093811035156
1589355,SEK,ddi2,ASSESSED,pre_framed,NEV,0.3740081787109375
3068586,SEK,ddi2,ASSESSED,pre_framed,MEL,0.0594940185546875
402679764,SEK,ddi2,ASSESSED,pre_framed,ACK,0.3520927429199219
47900974,SEK,ddi2,QUALITY_REJECTED,,,
228242406,SCC,ddi2,ASSESSED,pre_framed,ACK,0.16936874389648438
3781260,SEK,ddi2,ASSESSED,pre_framed,NEV,0.29383087158203125
1487402,SEK,ddi2,ASSESSED,pre_framed,MEL,0.08184051513671875
122877637,ACK,ddi2,QUALITY_REJECTED,,,
339d21e178104dd6280e1ac6d354a695,MEL,fitzpatrick17k,ASSESSED,pre_framed,SCC,0.433807373046875
70758a12b61186edea167fbcf51c7598,MEL,fitzpatrick17k,ASSESSED,pre_framed,MEL,0.05777740478515625
8b1aac66f2434dc37c84ba01f2c08605,MEL,fitzpatrick17k,ASSESSED,pre_framed,NEV,0.3118171691894531
68528c33db3fc238d183b5d2c14d6f75,MEL,fitzpatrick17k,ASSESSED,pre_framed,SEK,0.19628524780273438
30559e9ff81800fcc4e2819d89988b88,MEL,fitzpatrick17k,ASSESSED,pre_framed,SCC,0.23846054077148438
74c640f21d94d59eec3ac37cebaedd2d,MEL,fitzpatrick17k,ASSESSED,pre_framed,BCC,0.4258270263671875
4ff1ea06e98ef27ae93b27fbfa384a75,MEL,fitzpatrick17k,ASSESSED,pre_framed,BCC,0.5092964172363281
e894e98ec3b149d53b202e1cef0fa9ad,MEL,fitzpatrick17k,ASSESSED,pre_framed,SCC,0.7236213684082031
6af0a95515b388eac5fa547ca8f8e931,MEL,fitzpatrick17k,ASSESSED,pre_framed,MEL,0.22893142700195312
de2fe2ef59eae8ce0633efc84d0baef3,MEL,fitzpatrick17k,ASSESSED,pre_framed,NEV,0.06955718994140625
ff5fbdbf0d3221c3ba5628b50fc0aa41,MEL,fitzpatrick17k,ASSESSED,pre_framed,BCC,0.6101913452148438
084d223d5918ec2ddae37f2f8061e23c,MEL,fitzpatrick17k,ASSESSED,pre_framed,BCC,0.5789833068847656
37de8e0406609884c1140bf660798d40,MEL,fitzpatrick17k,ASSESSED,pre_framed,BCC,0.44304656982421875
06aa37c1fb2ae9dadf126143b98a1640,MEL,fitzpatrick17k,ASSESSED,pre_framed,SCC,0.4691429138183594
b02895e0d729c9bcecaed2ee070cada9,MEL,fitzpatrick17k,ASSESSED,pre_framed,MEL,0.04752349853515625
938528c2ba772fc83832aeca85171cf2,MEL,fitzpatrick17k,ASSESSED,pre_framed,MEL,0.14346694946289062
ecdcd89dda8fa5b30706532fb49f315c,MEL,fitzpatrick17k,ASSESSED,pre_framed,NEV,0.11562728881835938
c0a31afecc839c5fccf8c15ca9cee431,MEL,fitzpatrick17k,ASSESSED,pre_framed,SCC,0.3118858337402344
0393b043e435e566657cf7d61879026c,MEL,fitzpatrick17k,ASSESSED,pre_framed,SCC,0.3668479919433594
96e320998184af49bfc791c8f1b0e174,MEL,fitzpatrick17k,ASSESSED,pre_framed,SEK,0.2642402648925781
b3d94ddf1388ed3894ad18ea3fefc880,MEL,fitzpatrick17k,ASSESSED,pre_framed,SEK,0.12161636352539062
e28cbb701b1b2ff727c3c7aba01fe6ff,MEL,fitzpatrick17k,ASSESSED,pre_framed,MEL,0.2234649658203125
9aced25f0da2ff491cf0da3fee0a8f3c,MEL,fitzpatrick17k,ASSESSED,pre_framed,MEL,0.18118667602539062
e668f37499adaead040d7d893e778cc7,MEL,fitzpatrick17k,ASSESSED,pre_framed,MEL,0.4060859680175781
2e9a44d7373e97c682c937249b38d622,MEL,fitzpatrick17k,ASSESSED,pre_framed,BCC,0.20311355590820312
051e5c8ce730d6a81961ca551c9fdb2a,MEL,fitzpatrick17k,ASSESSED,pre_framed,NEV,0.2814445495605469
943a5ffcd4da3122732edad290533470,MEL,fitzpatrick17k,ASSESSED,pre_framed,MEL,0.7136497497558594
442efb92b5f59923668f0d2e6316b9cb,MEL,fitzpatrick17k,ASSESSED,pre_framed,BCC,0.47338104248046875
26ad865bcdc627dfa0dc2e419252a0ed,MEL,fitzpatrick17k,ASSESSED,pre_framed,BCC,0.2073211669921875
fb89d4fa5b5c3696f327d14ee041942c,MEL,fitzpatrick17k,ASSESSED,pre_framed,BCC,0.44884490966796875
8972c76e23d9f6d7c301532573961b99,MEL,fitzpatrick17k,ASSESSED,pre_framed,BCC,0.4566764831542969
b30468853e0ad984dfbf53fceee5942f,MEL,fitzpatrick17k,ASSESSED,pre_framed,NEV,0.040374755859375
8761091f0e6c7609bfc61713a34dd872,MEL,fitzpatrick17k,ASSESSED,pre_framed,SCC,0.39862060546875
72bcd875e7a573b4139883059e69328d,MEL,fitzpatrick17k,ASSESSED,pre_framed,MEL,0.20923614501953125
7c015dcdbe6e3f3c2911a64342c135c6,MEL,fitzpatrick17k,ASSESSED,pre_framed,NEV,0.18604660034179688
ddb15beb69fc4276b74a948a00eed2c8,MEL,fitzpatrick17k,ASSESSED,pre_framed,SCC,0.5672683715820312
c1b162ecbd537349c8df036a7f7627dc,MEL,fitzpatrick17k,ASSESSED,pre_framed,NEV,0.35408782958984375
1d8fcc49e4dda6868fcf76916fc14405,MEL,fitzpatrick17k,ASSESSED,pre_framed,BCC,0.4516716003417969
a646b94f0637b904e4becca57a2dc26f,MEL,fitzpatrick17k,ASSESSED,pre_framed,BCC,0.5284080505371094
a37ed02cd54e4b530341f7587d4e444a,MEL,fitzpatrick17k,ASSESSED,pre_framed,BCC,0.4357719421386719
9ee17127331be5b1c1f2bdea846ee60f,MEL,fitzpatrick17k,ASSESSED,pre_framed,MEL,0.21258163452148438
4ab4fa98f5acf7ec42886917128df401,MEL,fitzpatrick17k,ASSESSED,pre_framed,SCC,0.49399566650390625
b4df499e2397da0425aecca6849c55f0,MEL,fitzpatrick17k,ASSESSED,pre_framed,BCC,0.7073936462402344
0e9e79e3884112fdccf813ffebd698ea,MEL,fitzpatrick17k,ASSESSED,pre_framed,SCC,0.6533355712890625
aea33f41d93dbd5aa59131a57c001714,MEL,fitzpatrick17k,ASSESSED,pre_framed,NEV,0.20685577392578125
9aaef41b9332298c3e98b4ee33e39fb5,MEL,fitzpatrick17k,ASSESSED,pre_framed,NEV,0.4276542663574219
c6a917a5d74ab6def73579084f791251,MEL,fitzpatrick17k,ASSESSED,pre_framed,NEV,0.06366729736328125
65f7b7df48effe3ad7238404ca5318ce,MEL,fitzpatrick17k,ASSESSED,pre_framed,BCC,0.5439453125
f31a5c7d32b7b4479739bff76a23e8e4,MEL,fitzpatrick17k,ASSESSED,pre_framed,NEV,0.15794754028320312
b9ddf5dbd6257c786e13658934c56ac6,MEL,fitzpatrick17k,ASSESSED,pre_framed,BCC,0.37615966796875
1d56b7d688b6b276893107a6bdb93bba,MEL,fitzpatrick17k,ASSESSED,pre_framed,SCC,0.4779205322265625
3b24865e842419e4efc3fb909c633077,MEL,fitzpatrick17k,ASSESSED,pre_framed,BCC,0.45848846435546875
8a891f4bfb77344d6ae4d236cb9ac4e5,MEL,fitzpatrick17k,ASSESSED,pre_framed,BCC,0.5812110900878906
6c83bef6f525b8734ecdbd9dd5f0e822,MEL,fitzpatrick17k,ASSESSED,pre_framed,MEL,0.10985946655273438
4695bfda5557fa0aaae6e81d4492e0a5,MEL,fitzpatrick17k,ASSESSED,pre_framed,MEL,0.5278778076171875
5492bcfe87eb32401225a4ababbdad52,MEL,fitzpatrick17k,ASSESSED,pre_framed,BCC,0.5130653381347656
ecd97fd36f39e9fd52f09f50c3dc59b5,MEL,fitzpatrick17k,ASSESSED,pre_framed,NEV,0.039794921875
1d78d91cb196cb45b40c615cbf7a94ff,MEL,fitzpatrick17k,ASSESSED,pre_framed,NEV,0.4395408630371094
f7c6e5f7929dd5ca2b066698fd2e83ba,MEL,fitzpatrick17k,ASSESSED,pre_framed,NEV,0.10224533081054688
70766ed2b71ab0e8c5b387e172213eee,MEL,fitzpatrick17k,ASSESSED,pre_framed,MEL,0.66033935546875
889a8ed4164c01992b4981e78597a29a,MEL,fitzpatrick17k,ASSESSED,pre_framed,SCC,0.19391632080078125
29a86d89608e63ccfc57b1e40c827ead,MEL,fitzpatrick17k,ASSESSED,pre_framed,BCC,0.41645050048828125
13aa2de8804ae601cd45c1c4cac9bc6f,MEL,fitzpatrick17k,ASSESSED,pre_framed,BCC,0.4765129089355469
fbd64d85fa7bfed3ba061ca05ff90f69,MEL,fitzpatrick17k,ASSESSED,pre_framed,NEV,0.13463973999023438
ae40c3cfca9899067d0e75465586cf97,MEL,fitzpatrick17k,ASSESSED,pre_framed,NEV,0.0953216552734375
e315766377e07b3a78c789f1ef6cf529,MEL,fitzpatrick17k,ASSESSED,pre_framed,BCC,0.09078216552734375
2311fe11163e4e84336c53eefb5e24d7,MEL,fitzpatrick17k,ASSESSED,pre_framed,SCC,0.4860801696777344
db6590971625b0e98971f449b4ed6ee7,MEL,fitzpatrick17k,ASSESSED,pre_framed,SEK,0.13593673706054688
74bc180ce4619e21a8a8d425c4e86765,MEL,fitzpatrick17k,ASSESSED,pre_framed,BCC,0.2897911071777344
6f7e7323fc3b1d98c4e3bfe5273f6b92,MEL,fitzpatrick17k,ASSESSED,pre_framed,BCC,0.4183769226074219
60f79f88cbb999246aea835979d1c1db,MEL,fitzpatrick17k,ASSESSED,pre_framed,MEL,0.23250579833984375
d10dfbefc8303b80b1d7e8b661506da0,MEL,fitzpatrick17k,ASSESSED,pre_framed,NEV,0.029270172119140625
3f014488acf61087ab152f8dc5fac8b3,MEL,fitzpatrick17k,ASSESSED,pre_framed,BCC,0.6627540588378906
eab91c11e20398a89c454717dc5eaa94,MEL,fitzpatrick17k,ASSESSED,pre_framed,BCC,0.4154853820800781
30b3bb79b3d16b45ec095a91cd9c32ee,MEL,fitzpatrick17k,ASSESSED,pre_framed,NEV,0.3995933532714844
8e4316c8cc5208eac7a1405d66cb401e,MEL,fitzpatrick17k,ASSESSED,pre_framed,BCC,0.2516593933105469
fd1fa18a3033459631670d50b9b5bfc9,MEL,fitzpatrick17k,ASSESSED,pre_framed,SEK,0.438507080078125
80af44814ea5730ac2e9ba49971ed054,MEL,fitzpatrick17k,ASSESSED,pre_framed,NEV,0.21960067749023438
80602e43414e592443aee9e67fcca5c7,MEL,fitzpatrick17k,ASSESSED,pre_framed,MEL,0.3499298095703125
b3bc16cf6e0ce8cc7ee9a78ad45d0617,MEL,fitzpatrick17k,ASSESSED,pre_framed,BCC,0.4832878112792969
23733ccaf3cc5d720585930f3ac1b7e1,MEL,fitzpatrick17k,ASSESSED,pre_framed,BCC,0.5990486145019531
bd70e00d188e7ef98bf9e7edaaff752e,MEL,fitzpatrick17k,ASSESSED,pre_framed,NEV,0.4954261779785156
b5fa137ead5d2d13313ff126e3e255c2,MEL,fitzpatrick17k,ASSESSED,pre_framed,NEV,0.6012611389160156
6983939c38cb0d103d2ee332858ee485,SCC,fitzpatrick17k,ASSESSED,pre_framed,BCC,0.5091133117675781
47636cb8d1cea91cc2363e837a0a5954,BCC,fitzpatrick17k,ASSESSED,pre_framed,SCC,0.8310394287109375
ee9728f1e771a1922abe13af66282b41,BCC,fitzpatrick17k,ASSESSED,pre_framed,BCC,0.09943008422851562
4213b1f75d491c3b253975caed41d6de,BCC,fitzpatrick17k,ASSESSED,pre_framed,BCC,0.22231292724609375
4442aec61aba4663d4810c0786ed86c8,BCC,fitzpatrick17k,ASSESSED,pre_framed,BCC,0.22829818725585938
c501b9ec2440eaabab9f1e8631af31fd,BCC,fitzpatrick17k,ASSESSED,pre_framed,BCC,0.4193305969238281
bc17b2b80667945dbbc470f72b152900,SCC,fitzpatrick17k,ASSESSED,pre_framed,BCC,0.16879653930664062
a9774d79170b2b5fef7627127f7ac524,SCC,fitzpatrick17k,ASSESSED,pre_framed,BCC,0.6407394409179688
10cbd07a7f2e658a27f31eac2ae17269,BCC,fitzpatrick17k,ASSESSED,pre_framed,BCC,0.8696670532226562
72430e826363a44a2f9d5dd7e88aed64,SCC,fitzpatrick17k,ASSESSED,pre_framed,NEV,0.093597412109375
d07c72725b477a834d439eef3450d830,SCC,fitzpatrick17k,ASSESSED,pre_framed,SCC,0.5843963623046875
0e539304dcb700d132400c34f44d21b7,BCC,fitzpatrick17k,ASSESSED,pre_framed,SCC,0.18927001953125
d04699fc9e876ddd627d102570694a0c,SCC,fitzpatrick17k,ASSESSED,pre_framed,ACK,0.041515350341796875
fcc9ed3892215e076e9dc5b7a8bf81e7,BCC,fitzpatrick17k,ASSESSED,pre_framed,SCC,0.34737396240234375
45119bcf9dab198dfdfa04b14736c240,BCC,fitzpatrick17k,ASSESSED,pre_framed,NEV,0.11869049072265625
0cbdf45e52b3137a785cc575e8b4bb53,SCC,fitzpatrick17k,ASSESSED,pre_framed,ACK,0.2751350402832031
4ccb6a341928c32e6bdba870cdf57e25,BCC,fitzpatrick17k,ASSESSED,pre_framed,SCC,0.5133705139160156
a15b63b8b1cbecfb8f88fc766b204b9f,BCC,fitzpatrick17k,ASSESSED,pre_framed,SCC,0.2756080627441406
344cf83a64c8312aa83a952f87ede69e,SCC,fitzpatrick17k,ASSESSED,pre_framed,BCC,0.5396232604980469
46d0b60ab14b134341ad87bae08e4755,SCC,fitzpatrick17k,ASSESSED,pre_framed,BCC,0.15440750122070312
5f1a4d80fdc87563f3cc7174241c3477,BCC,fitzpatrick17k,ASSESSED,pre_framed,BCC,0.6099128723144531
9beeeb0b8f6d8468c3e88cc31006deae,BCC,fitzpatrick17k,ASSESSED,pre_framed,ACK,0.08442306518554688
9d83cf9b9cc4a03580de63b62ea2a8f0,BCC,fitzpatrick17k,ASSESSED,pre_framed,BCC,0.36923980712890625
053a5ee87f2fc71f07e99a25fd379210,SCC,fitzpatrick17k,ASSESSED,pre_framed,BCC,0.607391357421875
c40432238e3ce04f39d1d23f13527c67,SCC,fitzpatrick17k,ASSESSED,pre_framed,ACK,0.18307876586914062
543017d891174b7fe9443a4dfa537410,BCC,fitzpatrick17k,ASSESSED,pre_framed,MEL,0.11446762084960938
70febe1909055262ca282551a222a10f,BCC,fitzpatrick17k,ASSESSED,pre_framed,SCC,0.7035255432128906
190822f2e75490299428db99d2f34486,SCC,fitzpatrick17k,ASSESSED,pre_framed,BCC,0.6552963256835938
250e8552aca769e9e33e753f50423bda,BCC,fitzpatrick17k,ASSESSED,pre_framed,SCC,0.18388748168945312
f7e7fb15ba1bfabcf68bcd62528f76a8,SCC,fitzpatrick17k,ASSESSED,pre_framed,BCC,0.3015861511230469
9d6fc0774c68a7caec5d86148bcba524,BCC,fitzpatrick17k,ASSESSED,pre_framed,BCC,0.6420402526855469
613bb35e2fb482c4bb7a4925ec0743b3,BCC,fitzpatrick17k,ASSESSED,pre_framed,SCC,0.16897201538085938
597405f862fa1572fc379136159aba3a,ACK,fitzpatrick17k,ASSESSED,pre_framed,ACK,0.3413505554199219
47cb1bb512da0f22002f75e9f158c6e8,SCC,fitzpatrick17k,ASSESSED,pre_framed,BCC,0.07538604736328125
14123577f30e3a495ac84e2cf1244a99,SCC,fitzpatrick17k,ASSESSED,pre_framed,SCC,0.40210723876953125
f5b5fc7b1af76ca2db94a3118cffc572,BCC,fitzpatrick17k,ASSESSED,pre_framed,SCC,0.751617431640625
8bdf085e79f86fbfd2f5141b5b3df776,BCC,fitzpatrick17k,ASSESSED,pre_framed,SCC,0.5680961608886719
414d1baaee908089a3c09143507d5fd8,BCC,fitzpatrick17k,ASSESSED,pre_framed,BCC,0.0660858154296875
07c3f44536b46156450cf81a451ccedb,BCC,fitzpatrick17k,ASSESSED,pre_framed,SEK,0.0376129150390625
f420eb73f0b50a89b5fddccc85796062,SCC,fitzpatrick17k,ASSESSED,pre_framed,BCC,0.4140586853027344
3051fedba7a0300d60d48d91766831c4,SCC,fitzpatrick17k,ASSESSED,pre_framed,BCC,0.5607070922851562
85eecdee71e8ac56831eb6bf276c28bb,SCC,fitzpatrick17k,ASSESSED,pre_framed,SCC,0.2729911804199219
019fde7f8b6aa85f6f0a653707d9aa06,BCC,fitzpatrick17k,ASSESSED,pre_framed,BCC,0.5051078796386719
2bceb0364ef64fe3ef5236db2cfbe02a,SCC,fitzpatrick17k,ASSESSED,pre_framed,BCC,0.43015289306640625
f44f3454329e674663e68da31c24e674,BCC,fitzpatrick17k,ASSESSED,pre_framed,ACK,0.0140228271484375
b12942fe22a3ec7bf64c0a4d58776551,BCC,fitzpatrick17k,ASSESSED,pre_framed,SCC,0.4089088439941406
c5ebb84482a21015073cebc37b31f515,SCC,fitzpatrick17k,ASSESSED,pre_framed,BCC,0.4124870300292969
6f197431cd2d540ed3c5c8c6a5296d54,BCC,fitzpatrick17k,ASSESSED,pre_framed,SCC,0.8495559692382812
801a5e586bc2c8cd9fc5825e1cbb8570,SCC,fitzpatrick17k,ASSESSED,pre_framed,ACK,0.4477272033691406
39d7ad8e2b3eca2f8356b2df57c59767,BCC,fitzpatrick17k,ASSESSED,pre_framed,NEV,0.26660919189453125
26628fb7dc4341b5ac2ef37525925fe0,SCC,fitzpatrick17k,ASSESSED,pre_framed,BCC,0.4636077880859375
aff8f8833189c8c6fff40c65f441f37f,BCC,fitzpatrick17k,ASSESSED,pre_framed,BCC,0.4953422546386719
730e946083fd36c5e8722f88c178a1a6,SCC,fitzpatrick17k,ASSESSED,pre_framed,BCC,0.5640754699707031
bdea9a2f7ab80e98881388dcf36424e9,SCC,fitzpatrick17k,ASSESSED,pre_framed,BCC,0.20869827270507812
28b6d5c8f25acf6ddf93bf72fe7844d0,BCC,fitzpatrick17k,ASSESSED,pre_framed,NEV,0.0
513d69c21897a5244aa85b6fa7a913aa,SCC,fitzpatrick17k,ASSESSED,pre_framed,BCC,0.7472038269042969
0a152642bc8270880808ab9477846866,SCC,fitzpatrick17k,ASSESSED,pre_framed,BCC,0.43881988525390625
52514f7abd18bb524279c10943916512,SCC,fitzpatrick17k,ASSESSED,pre_framed,BCC,0.6950454711914062
73ac23918c9537a8c792938b64f779e0,BCC,fitzpatrick17k,ASSESSED,pre_framed,NEV,0.6932144165039062
44db8ec026393a9fe950d286824bea30,BCC,fitzpatrick17k,ASSESSED,pre_framed,SCC,0.24095916748046875
4914fa9dae16b9762acae30d0349ad85,SCC,fitzpatrick17k,ASSESSED,pre_framed,SCC,0.06915283203125
efc3f78778508079ddf1b39b9f09483d,SCC,fitzpatrick17k,ASSESSED,pre_framed,SCC,0.4889717102050781
d7d7980b1fd4fbaf3e14ecfd48c98bdf,BCC,fitzpatrick17k,ASSESSED,pre_framed,ACK,0.4778594970703125
87089a4409606968748d64f20865a2dc,SCC,fitzpatrick17k,ASSESSED,pre_framed,SCC,0.7620124816894531
76a5da87f72f5712243ff4bcf52337b6,BCC,fitzpatrick17k,ASSESSED,pre_framed,BCC,0.8053398132324219
9255b18c770f58de26221d16839fadb2,ACK,fitzpatrick17k,ASSESSED,pre_framed,BCC,0.45293426513671875
17313d3de1e4c2952908201cb825e340,BCC,fitzpatrick17k,ASSESSED,pre_framed,SCC,0.22743606567382812
6c11f4d55463565511ddc7596bf004ca,BCC,fitzpatrick17k,ASSESSED,pre_framed,ACK,0.13561630249023438
54aa2f1bf36b27de991db5cd358bde06,SCC,fitzpatrick17k,ASSESSED,pre_framed,BCC,0.3334541320800781
8befc3a0c8600e273977e3a8888a802f,SCC,fitzpatrick17k,ASSESSED,pre_framed,BCC,0.2634086608886719
6c44eaf42cb3c29b2aa888048e980dcf,BCC,fitzpatrick17k,ASSESSED,pre_framed,BCC,0.4521751403808594
399d923af5d3a27f638f0292ca0c3d7f,SCC,fitzpatrick17k,ASSESSED,pre_framed,BCC,0.35358428955078125
016abe4884715af85cd3f309f93b9641,BCC,fitzpatrick17k,ASSESSED,pre_framed,SCC,0.6675033569335938
296ec4776e89a65ce8e262ed545ed4bb,SCC,fitzpatrick17k,ASSESSED,pre_framed,ACK,0.25318145751953125
c118e1b0b179f299b4a814d78059c137,BCC,fitzpatrick17k,ASSESSED,pre_framed,SCC,0.5012130737304688
585de3087248fafc0600dbeae5cb2692,ACK,fitzpatrick17k,ASSESSED,pre_framed,BCC,0.3748970031738281
98280785c17860f879d21525a92af31f,BCC,fitzpatrick17k,ASSESSED,pre_framed,MEL,0.7003059387207031
22bcca7d579abf5c2c121c98aa01a4c7,BCC,fitzpatrick17k,ASSESSED,pre_framed,BCC,0.4961738586425781
37566d4150bbc6080c2dd4ecc7ff9431,BCC,fitzpatrick17k,ASSESSED,pre_framed,ACK,0.16006851196289062
19e7cad902144cb742b342bb82b395eb,BCC,fitzpatrick17k,ASSESSED,pre_framed,BCC,0.2749443054199219
4fa9a2f6266c5e685bbce85809b99bee,BCC,fitzpatrick17k,ASSESSED,pre_framed,SCC,0.6898918151855469
15ab45bcef4ca5f5ddf2d4305a14f885,BCC,fitzpatrick17k,ASSESSED,pre_framed,BCC,0.00433349609375
8d0d9724e46caa4b82829e70e672fd1f,SCC,fitzpatrick17k,ASSESSED,pre_framed,BCC,0.4030303955078125
5802610b87c8098cf71de102f2e9652d,SCC,fitzpatrick17k,ASSESSED,pre_framed,ACK,0.01615142822265625
c1fcf5b167a0bdcb3c1eba9ecab76ae7,BCC,fitzpatrick17k,ASSESSED,pre_framed,NEV,0.6897659301757812
1899a650833c9dce36fe8d7da87b2755,BCC,fitzpatrick17k,ASSESSED,pre_framed,BCC,0.2988014221191406
b0acf3a63fa757598b06c51a431eea6d,SCC,fitzpatrick17k,ASSESSED,pre_framed,ACK,0.114959716796875
cd5e1db7f0aac364ba2a0fd6407dd4cf,BCC,fitzpatrick17k,ASSESSED,pre_framed,SCC,0.5171928405761719
6abd190e1ce339a018ef0776f530678f,SCC,fitzpatrick17k,ASSESSED,pre_framed,NEV,0.054561614990234375
7270099b2bb8e4b2454a5e23c5c8960b,SCC,fitzpatrick17k,ASSESSED,pre_framed,BCC,0.26921844482421875
de608b752927ceeabb7bac264a52942d,BCC,fitzpatrick17k,ASSESSED,pre_framed,SCC,0.7892341613769531
c22dfb448848253cc53435cdb23c1271,SCC,fitzpatrick17k,ASSESSED,pre_framed,NEV,0.0869293212890625
09a75e2a4e9bbc303e6e0cb3e16a32d8,BCC,fitzpatrick17k,ASSESSED,pre_framed,SCC,0.5946693420410156
b76381e00a47d51418c19231ec321e20,SCC,fitzpatrick17k,ASSESSED,pre_framed,BCC,0.08550262451171875
e927c81f6b508269c83350184f124a2d,BCC,fitzpatrick17k,ASSESSED,pre_framed,ACK,0.1793060302734375
d2506151428601cd8566330c781f82e0,ACK,fitzpatrick17k,ASSESSED,pre_framed,SEK,0.10051345825195312
c6e41ac2c8552505d795c4efda0869d6,SCC,fitzpatrick17k,ASSESSED,pre_framed,SCC,0.5218276977539062
ab7f5d4d82844334fd046cfa3d0c52b7,SCC,fitzpatrick17k,ASSESSED,pre_framed,SCC,0.6094551086425781
1dcc2fb45c366dafbb1f45c0e8afd3bd,ACK,fitzpatrick17k,ASSESSED,pre_framed,MEL,0.04034423828125
7912ab0cf1c1a04708f78e68ebee8d34,SCC,fitzpatrick17k,ASSESSED,pre_framed,SEK,0.5168228149414062
f4048596275ae97f09ab436b6f568cca,BCC,fitzpatrick17k,ASSESSED,pre_framed,BCC,0.2192840576171875
04437cd3092a8922dc9af8100d350431,SCC,fitzpatrick17k,ASSESSED,pre_framed,SCC,0.48236083984375
9371b89247ec4e39c05760c2ccaef840,SCC,fitzpatrick17k,ASSESSED,pre_framed,SCC,0.6212806701660156
3d921ce5a4bb73bebf7f3200257a74c4,BCC,fitzpatrick17k,ASSESSED,pre_framed,ACK,0.7004203796386719
274fcc8858e2524666aac80c117c1eae,SCC,fitzpatrick17k,ASSESSED,pre_framed,SCC,0.389739990234375
b7ff367d07ee32101f5188a34cc142ab,SCC,fitzpatrick17k,ASSESSED,pre_framed,SCC,0.19124221801757812
d11416a368eb814bae7eeb54d357f46b,BCC,fitzpatrick17k,ASSESSED,pre_framed,SCC,0.3046150207519531
d01ee1734e42fb0e876e2b872d0e1145,SCC,fitzpatrick17k,ASSESSED,pre_framed,BCC,0.4898643493652344
2aa5dac8b5f87535800796c039a818c8,ACK,fitzpatrick17k,ASSESSED,pre_framed,MEL,0.14858627319335938
dc8b1d07cb9d4b4f4097807e29d045c3,BCC,fitzpatrick17k,ASSESSED,pre_framed,NEV,0.28426361083984375
5532bbc902f5d50f6f8a972016bcf04f,SCC,fitzpatrick17k,ASSESSED,pre_framed,SCC,0.1955718994140625
13e11954a6ece398b2efe0e1da5b1aa5,BCC,fitzpatrick17k,ASSESSED,pre_framed,BCC,0.5342216491699219
a57cce5e02560bc8ec878ef7a2f783d2,ACK,fitzpatrick17k,ASSESSED,pre_framed,SCC,0.45047760009765625
ee71a2faae114b91878f7460a0ce9d6f,BCC,fitzpatrick17k,ASSESSED,pre_framed,BCC,0.19219589233398438
63f2efe8aab42d66f08a223d21b79f9d,BCC,fitzpatrick17k,ASSESSED,pre_framed,BCC,0.6505546569824219
c819e82dc15ddf2d0ceb08515f303123,BCC,fitzpatrick17k,ASSESSED,pre_framed,BCC,0.14952468872070312
093fcc49c98d314303ba07aa0d6c1348,ACK,fitzpatrick17k,ASSESSED,pre_framed,BCC,0.726898193359375
94646305d86635230c4eb1763bb043bc,BCC,fitzpatrick17k,ASSESSED,pre_framed,BCC,0.7528038024902344
78219f1a6402b8f83a9eecfed6a35c0c,BCC,fitzpatrick17k,ASSESSED,pre_framed,BCC,0.5358123779296875
40b9006b90679ab5560ebe3ce1a589a1,SCC,fitzpatrick17k,ASSESSED,pre_framed,BCC,0.1174163818359375
5199cceebe2d23bbae855ea7dda2418b,SCC,fitzpatrick17k,ASSESSED,pre_framed,BCC,0.15327072143554688
cee7765b5c79a3c4a5354fe3a755c388,SCC,fitzpatrick17k,ASSESSED,pre_framed,BCC,0.2905464172363281
673e2daccb06374f11b9bf5110fb9550,BCC,fitzpatrick17k,ASSESSED,pre_framed,ACK,0.038238525390625
5e7d0cf1d8901eea8361b2be45a6fec2,BCC,fitzpatrick17k,ASSESSED,pre_framed,SCC,0.6086883544921875
c50113547f82a9ad4d3ce4dc0972a698,BCC,fitzpatrick17k,ASSESSED,pre_framed,SCC,0.22063827514648438
dfc849919c7f749a42f6059f927eb82f,BCC,fitzpatrick17k,ASSESSED,pre_framed,SCC,0.24907684326171875
b8187ac1e3d5c7a7238056c87a3072a9,SCC,fitzpatrick17k,ASSESSED,pre_framed,SCC,0.39411163330078125
170c87c679d5e29b4040d544d8887fa3,SCC,fitzpatrick17k,ASSESSED,pre_framed,NEV,0.21968460083007812
b7ccee8c91bd6ecd6d7ce5b66e4513c2,BCC,fitzpatrick17k,ASSESSED,pre_framed,BCC,0.2838630676269531
6fb6afb84ad3fadb641d9d5673156e93,SCC,fitzpatrick17k,ASSESSED,pre_framed,SCC,0.4674186706542969
17beac6823fd7ec2303d5b030a536fca,BCC,fitzpatrick17k,ASSESSED,pre_framed,ACK,0.120941162109375
e83a91547ae74f206135f5b5fff97b0e,SCC,fitzpatrick17k,ASSESSED,pre_framed,SCC,0.4997673034667969
a036718d77f4a4339b2aaf15e2087fe0,SCC,fitzpatrick17k,ASSESSED,pre_framed,SCC,0.7678413391113281
9220d313606d63dfbcfdf77eed378706,SCC,fitzpatrick17k,ASSESSED,pre_framed,BCC,0.2196044921875
5832419baf0cbfefcac35578a40fa5a5,BCC,fitzpatrick17k,ASSESSED,pre_framed,BCC,0.0644073486328125
170ed3a3d229937e355c091bf5c75d40,SCC,fitzpatrick17k,ASSESSED,pre_framed,NEV,0.15090179443359375
0e802991cd0257f69f62adedb41152f8,BCC,fitzpatrick17k,ASSESSED,pre_framed,BCC,0.0836334228515625
70a8a40f55e900e60a42054326f62e28,SCC,fitzpatrick17k,ASSESSED,pre_framed,NEV,0.09460067749023438
850f18a45b3fcbcd8b5020cc07273d91,SCC,fitzpatrick17k,ASSESSED,pre_framed,ACK,0.6175270080566406
429baf43d2dfce514c2bbf837a537623,BCC,fitzpatrick17k,ASSESSED,pre_framed,SCC,0.41767120361328125
59fed3f27ebb81c0be581f47a33d4e65,BCC,fitzpatrick17k,ASSESSED,pre_framed,SCC,0.323211669921875
8d4f1262a0534e1d906a21a1bcb8707d,SCC,fitzpatrick17k,ASSESSED,pre_framed,ACK,0.09520721435546875
e54daa4b483474920f81739c264c1efc,BCC,fitzpatrick17k,ASSESSED,pre_framed,NEV,0.2716217041015625
08a183312614facc181ff92c032dc8b0,BCC,fitzpatrick17k,ASSESSED,pre_framed,BCC,0.3535957336425781
ae0f57af6ace4b075703d55ff00f2574,BCC,fitzpatrick17k,ASSESSED,pre_framed,SCC,0.20635604858398438
12cbe66e3a99633092732daf3351b3c2,BCC,fitzpatrick17k,ASSESSED,pre_framed,BCC,0.23639297485351562
5f6bf606eaef0ac72ec1132558e8160a,SCC,fitzpatrick17k,ASSESSED,pre_framed,BCC,0.6046600341796875
ac684a3d2464ae0fba4d90e4f898875d,BCC,fitzpatrick17k,ASSESSED,pre_framed,SCC,0.2893638610839844
e82cda3eeecc9ba74ba226cc1f8efc38,SCC,fitzpatrick17k,ASSESSED,pre_framed,SCC,0.2892417907714844
62e2bb9f7a023511b7a064faca724db7,SCC,fitzpatrick17k,ASSESSED,pre_framed,SCC,0.5132675170898438
064f39810e82e6097f9c187f003ede0a,SCC,fitzpatrick17k,ASSESSED,pre_framed,BCC,0.4456291198730469
3354d6e561d84457af0adddab4686b31,BCC,fitzpatrick17k,ASSESSED,pre_framed,SCC,0.2780609130859375
04ec9f7ab6dd2bde77c7f5178d705108,SCC,fitzpatrick17k,ASSESSED,pre_framed,SCC,0.4901542663574219
6ed58ed2e4c8b378493cd5766f7bad56,BCC,fitzpatrick17k,ASSESSED,pre_framed,BCC,0.6431999206542969
f2404024ad9adf7355a5363efe418567,BCC,fitzpatrick17k,ASSESSED,pre_framed,BCC,0.4315528869628906
658a7441448655ad189b84645fdef0ac,BCC,fitzpatrick17k,ASSESSED,pre_framed,ACK,0.5102882385253906
14c1d65a2ad46d5efc6ad714224483ee,BCC,fitzpatrick17k,ASSESSED,pre_framed,BCC,0.5511589050292969
0b283a47352d88ab55257c9fce2d3603,BCC,fitzpatrick17k,ASSESSED,pre_framed,BCC,0.7128524780273438
a1a72809c749cbfb7f886309882b8a13,SCC,fitzpatrick17k,ASSESSED,pre_framed,NEV,0.28173065185546875
23b55a045c5f88159ce54f69df645c5f,SCC,fitzpatrick17k,ASSESSED,pre_framed,NEV,0.09315872192382812
0a1ca67fbbf7047acbf7c684694cf688,NEV,fitzpatrick17k,ASSESSED,pre_framed,ACK,0.132049560546875
